,LICENCE_NO,AREA_NAME,LW_FREQUENCY_START,LW_FREQUENCY_END,UP_FREQUENCY_START,UP_FREQUENCY_END
0,10006309,Regional South Australia,1710.0,1712.5,1805.0,1807.5
1,10143110,Perth,1960.0,1970.0,2150.0,2160.0
2,10143110,Sydney,1920.0,1935.0,2110.0,2125.0
3,10143110,Adelaide,1960.0,1970.0,2150.0,2160.0
4,10143110,Melbourne,1920.0,1935.0,2110.0,2125.0
5,10143110,Brisbane,1960.0,1970.0,2150.0,2160.0
6,10143136,Darwin,1970.0,1980.0,2160.0,2170.0
7,10143136,Canberra,1970.0,1980.0,2160.0,2170.0
8,10143136,Regional South East Australia,1975.0,1980.0,2165.0,2170.0
9,10143136,Regional Western Australia,1975.0,1980.0,2165.0,2170.0
10,10143136,Hobart,1970.0,1980.0,2160.0,2170.0
11,10143136,Perth,1970.0,1980.0,2160.0,2170.0
12,10143136,Melbourne,1970.0,1980.0,2160.0,2170.0
13,10143136,Adelaide,1970.0,1980.0,2160.0,2170.0
14,10143136,Sydney,1970.0,1980.0,2160.0,2170.0
15,10143136,Brisbane,1970.0,1980.0,2160.0,2170.0
16,10143466,Adelaide,1920.0,1930.0,2110.0,2120.0
17,10143466,Adelaide,1935.0,1940.0,2125.0,2130.0
18,10143466,Brisbane,1920.0,1930.0,2110.0,2120.0
19,10143466,Brisbane,1935.0,1940.0,2125.0,2130.0
20,10143466,Melbourne,1960.0,1970.0,2150.0,2160.0
21,10143466,Melbourne,1935.0,1940.0,2125.0,2130.0
22,10143466,Perth,1935.0,1940.0,2125.0,2130.0
23,10143466,Regional Western Australia,1965.0,1975.0,2155.0,2165.0
24,10143466,Regional South East Australia,1965.0,1975.0,2155.0,2165.0
25,10143466,Sydney,1960.0,1970.0,2150.0,2160.0
26,10143466,Sydney,1935.0,1940.0,2125.0,2130.0
27,10143466,Canberra,1960.0,1970.0,2150.0,2160.0
28,10143466,Canberra,1935.0,1940.0,2125.0,2130.0
29,10143466,Darwin,1920.0,1930.0,2110.0,2120.0
30,10143466,Darwin,1935.0,1940.0,2125.0,2130.0
31,10143466,Hobart,1920.0,1930.0,2110.0,2120.0
32,10143466,Perth,1920.0,1930.0,2110.0,2120.0
33,10143466,Hobart,1935.0,1940.0,2125.0,2130.0
34,10143562,Sydney,1940.0,1960.0,2130.0,2150.0
35,10143562,Brisbane,1940.0,1960.0,2130.0,2150.0
36,10143562,Melbourne,1940.0,1960.0,2130.0,2150.0
37,10143562,Canberra,1940.0,1960.0,2130.0,2150.0
38,10143562,Regional Western Australia,1960.0,1965.0,2150.0,2155.0
39,10143562,Hobart,1940.0,1960.0,2130.0,2150.0
40,10143562,Darwin,1940.0,1960.0,2130.0,2150.0
41,10143562,Regional South East Australia,1960.0,1965.0,2150.0,2155.0
42,10143562,Adelaide,1940.0,1960.0,2130.0,2150.0
43,10143562,Perth,1940.0,1960.0,2130.0,2150.0
44,10231258,Northern New South Wales (Grafton) + Western New South Wales (Dubbo),1750.0,1775.0,1845.0,1870.0
45,10231258,North Queensland (Cairns/Townsville) + Central Queensland (Mackay),1750.0,1775.0,1845.0,1870.0
46,10231258,Regional Western Australia,1750.0,1770.0,1845.0,1865.0
47,10231258,Regional South Australia,1750.0,1775.0,1845.0,1870.0
48,10231258,Tasmania,1765.0,1785.0,1860.0,1880.0
49,10231258,Southern New South Wales/Riverina (Albury),1780.0,1785.0,1875.0,1880.0
50,10231258,Darwin,1750.0,1775.0,1845.0,1870.0
51,10231258,South Queensland (Maryborough),1750.0,1770.0,1845.0,1865.0
52,10231258,Canberra (including south coast of NSW),1760.0,1780.0,1855.0,1875.0
53,10231258,Southern New South Wales/Riverina (Albury),1750.0,1770.0,1845.0,1865.0
54,10231258,Regional Victoria,1755.0,1775.0,1850.0,1870.0
55,10232073,Adelaide,1770.0,1775.0,1865.0,1870.0
56,10232073,South Queensland (Maryborough) + Northern New South Wales (Grafton),1775.0,1785.0,1870.0,1880.0
57,10232073,Regional South Australia,1775.0,1785.0,1870.0,1880.0
58,10232073,Tasmania,1755.0,1765.0,1850.0,1860.0
59,10232073,Regional Victoria,1745.0,1755.0,1840.0,1850.0
60,10232073,Southern New South Wales/Riverina (Albury),1770.0,1780.0,1865.0,1875.0
61,10232073,Darwin,1775.0,1785.0,1870.0,1880.0
62,10232073,Western New South Wales (Dubbo),1780.0,1785.0,1875.0,1880.0
63,10232073,Canberra (including south coast of NSW),1750.0,1760.0,1845.0,1855.0
64,10235466,North Queensland (Cairns/Townsville),1775.0,1785.0,1870.0,1880.0
65,10235466,South Queensland (Maryborough),1770.0,1775.0,1865.0,1870.0
66,10235466,Canberra (including south coast of NSW),1735.0,1750.0,1830.0,1845.0
67,10235466,Canberra (including south coast of NSW),1780.0,1785.0,1875.0,1880.0
68,10235466,Regional Victoria,1775.0,1785.0,1870.0,1880.0
69,10235466,Regional Western Australia,1770.0,1780.0,1865.0,1875.0
70,10388332,Central Australia,2337.0,2365.0,,
71,10388332,Gold Fields,2337.0,2365.0,,
72,10388332,Kimberley,2365.0,2400.0,,
73,10388332,Midwest RQZ,2337.0,2365.0,,
74,10388332,Telfer Mine,2302.0,2400.0,,
75,10388334,Canberra A,3542.5,3547.0,,
76,10388334,Brisbane B,3542.5,3575.0,,
77,10388334,Rockhampton,3542.5,3547.0,,
78,10388334,Toowoomba,3542.5,3547.0,,
79,10388433,Adelaide,1930.0,1935.0,2120.0,2125.0
80,10388433,Canberra B,1920.0,1930.0,2110.0,2120.0
81,10388433,Brisbane A,1930.0,1935.0,2120.0,2125.0
82,10388433,Perth,1930.0,1935.0,2120.0,2125.0
83,10388433,Canberra A,1930.0,1935.0,2120.0,2125.0
84,10388433,Darwin,1930.0,1935.0,2120.0,2125.0
85,10388433,Hobart,1930.0,1935.0,2120.0,2125.0
86,10391280,National,733.0,738.0,788.0,793.0
87,10391286,National,738.0,748.0,793.0,803.0
88,10424434,Regional WA,1780.0,1785.0,1875.0,1880.0
89,10424436,Hobart,1960.0,1970.0,2150.0,2160.0
90,10424436,Darwin,1960.0,1970.0,2150.0,2160.0
91,10424514,Delamere,2302.0,2400.0,,
92,10424514,Cameron Corner,2365.0,2400.0,,
93,10424514,Geraldton/Kalgoorlie,2365.0,2400.0,,
94,10424532,Outer ACT 1,2302.0,2330.0,,
95,10424532,NSW EAST,2393.0,2400.0,,
96,10424532,Melbourne,2393.0,2400.0,,
97,10424532,Outer ACT 2,2302.0,2330.0,,
98,10424532,Outer ACT 3,2302.0,2330.0,,
99,10427561,Tasmania,1750.0,1755.0,1845.0,1850.0
100,10427561,Mackay,1775.0,1785.0,1870.0,1880.0
101,10427561,Dubbo,1775.0,1780.0,1870.0,1875.0
102,10435053,Perth,1710.0,1730.0,1805.0,1825.0
103,10435053,Regional Western Australia,1710.0,1750.0,1805.0,1845.0
104,10435053,Tasmania,1710.0,1745.0,1805.0,1840.0
105,10435053,ACT and South Coast NSW,1710.0,1730.0,1805.0,1825.0
106,10435053,Darwin,1710.0,1745.0,1805.0,1840.0
107,10435053,Adelaide,1710.0,1730.0,1805.0,1825.0
108,10435053,Merge: North East and South Central NSW + Merge: South Queensland + North and Central Queensland,1710.0,1750.0,1805.0,1845.0
109,10435053,Regional South Australia,1710.0,1750.0,1805.0,1845.0
110,10435053,Regional Victoria,1710.0,1745.0,1805.0,1840.0
111,10435053,Sydney,1710.0,1725.0,1805.0,1820.0
112,10435053,Melbourne,1710.0,1725.0,1805.0,1820.0
113,10435053,Brisbane,1710.0,1730.0,1805.0,1825.0
114,10498938,Adelaide Rim NE,3542.5,3575.0,,
115,10498938,Adelaide Rim S,3542.5,3575.0,,
116,10498938,Launceston,3542.5,3575.0,,
117,10498938,Hobart,3542.5,3575.0,,
118,10498938,Perth,3542.5,3575.0,,
119,10498938,Cairns,3542.5,3575.0,,
120,10498938,Canberra,3547.0,3575.0,,
121,10498938,Toowoomba,3547.0,3575.0,,
122,10498938,Rockhampton,3547.0,3575.0,,
123,10498938,Ballarat-Bendigo,3542.5,3575.0,,
124,10498938,Wodonga,3542.5,3575.0,,
125,10498938,Townsville,3542.5,3575.0,,
126,10498938,Adelaide,3547.0,3575.0,,
127,10914942,Perth - lower/upper,3575.0,3605.0,,
128,10914942,Sydney,3575.0,3635.0,,
129,10914942,Melbourne,3575.0,3635.0,,
130,10914942,Adelaide,3575.0,3610.0,,
131,10914942,Canberra,3575.0,3605.0,,
132,10914942,Regional Southern/Western NSW,3575.0,3640.0,,
133,10914942,Brisbane,3575.0,3605.0,,
134,10914942,Regional Western Australia,3575.0,3655.0,,
135,10914942,Merge: Regional Northern NSW/Southern Queensland + Merge: North Queensland + Central Queensland,3575.0,3625.0,,
136,10914942,Merge: Regional Victoria + Tasmania,3575.0,3625.0,,
137,10914942,Regional South Australia,3575.0,3650.0,,
138,10917462,Merge: Regional Southern/Western NSW + Regional South Australia,3670.0,3700.0,,
139,10917462,Merge: Regional Victoria + Tasmania,3665.0,3700.0,,
140,10917462,Merge: Regional Northern NSW/Southern Queensland + Merge: North Queensland + Central Queensland,3665.0,3700.0,,
141,10917463,Perth - lower/upper,3605.0,3640.0,,
142,10917463,Sydney,3635.0,3640.0,,
143,10917463,Melbourne,3695.0,3700.0,,
144,10917463,Brisbane,3665.0,3700.0,,
145,10917463,Adelaide,3670.0,3700.0,,
146,10917463,Canberra,3605.0,3640.0,,
147,10917464,Brisbane,3605.0,3665.0,,
148,10917464,Canberra,3640.0,3700.0,,
149,10917464,Melbourne,3635.0,3695.0,,
150,10917464,Sydney,3640.0,3700.0,,
151,10917464,Perth - lower/upper,3640.0,3700.0,,
152,10917464,Adelaide,3610.0,3670.0,,
153,10917464,Regional South Australia,3650.0,3670.0,,
154,10917464,Regional Western Australia,3655.0,3700.0,,
155,10917464,Merge: Regional Northern NSW/Southern Queensland + Merge: North Queensland + Central Queensland,3625.0,3665.0,,
156,10917464,Merge: Regional Victoria + Tasmania,3625.0,3665.0,,
157,10917464,Regional Southern/Western NSW,3640.0,3670.0,,
158,11181369,Market area,25000.0,25100.0,,
159,11181789,Market area,27500.0,28100.0,,
160,11181789,Hole area,27500.0,30000.0,,
161,11181790,Area,27500.0,28100.0,,
162,11181790,Market area,27500.0,29500.0,,
163,11181846,Hamel WA,27500.0,28500.0,,
164,11181847,Bourke NSW ,27500.0,28500.0,,
165,11181848,Gaveston TAS,27500.0,28500.0,,
166,11181849,Ceduna SA ,27500.0,28500.0,,
167,11181851,Kalgoorlie WA,27500.0,28500.0,,
168,11181852,Carnarvon WA,27500.0,28500.0,,
169,11181853,Roma Qld,27500.0,28500.0,,
170,11181860,Geraldton WA,27500.0,28500.0,,
171,11181862,Broken Hill NSW ,27500.0,28500.0,,
172,11186362,Market area,27500.0,28500.0,,
173,11187237,Market area 1,27600.0,28100.0,,
174,11187237,Market area ,27600.0,28400.0,,
175,11187237,Market area ,28600.0,29100.0,,
176,11189712,Market area,27500.0,27515.0,,
177,11190450,Market area 1,27500.0,30000.0,,
178,11190520,Market area 2,27500.0,30000.0,,
179,11190524,Market area 3,27500.0,30000.0,,
180,11190528,Market area 4,27500.0,30000.0,,
181,11190536,Market area 6,27500.0,30000.0,,
182,11190543,Market area 8,27500.0,30000.0,,
183,11192681,Market area,27500.0,28100.0,,
184,11192681,Hole area,27500.0,29500.0,,
185,11193287,Market area 1,27500.0,30000.0,,
186,11193288,Market area 2,27500.0,30000.0,,
187,11193289,Market area 3,27500.0,30000.0,,
188,11193290,Market area 4,27500.0,30000.0,,
189,11193291,Market area 5,27500.0,30000.0,,
190,11193292,Market area 6,27500.0,30000.0,,
191,11196476,MA 1,27500.0,30000.0,,
192,11196484,MA 2,27500.0,30000.0,,
193,11196485,MA 3,27500.0,30000.0,,
194,11196513,Market area 1,27500.0,30000.0,,
195,11196514,Market area 6,27500.0,30000.0,,
196,11196515,Market area 7,27500.0,30000.0,,
197,11196516,Market area 8,27500.0,30000.0,,
198,11196517,Market area 14,27500.0,30000.0,,
199,11196518,Market area 18,27500.0,30000.0,,
200,11196519,Market area 20,27500.0,30000.0,,
201,11196520,Market area 21,27500.0,30000.0,,
202,11196521,Market area,27500.0,28100.0,,
203,11196521,Hole area,27500.0,30000.0,,
204,11196522,Market area 1,27500.0,28100.0,,
205,11196522,Hole area,27500.0,30000.0,,
206,11196523,Market area,27500.0,28100.0,,
207,11196523,Hole area,27500.0,30000.0,,
208,11196524,Market area ,27500.0,28100.0,,
209,11196524,Hole area,27500.0,30000.0,,
210,11196525,Market area,27500.0,28100.0,,
211,11196525,Hole area,27500.0,30000.0,,
212,11196526,Market area ,27500.0,28100.0,,
213,11196526,Hole area,27500.0,30000.0,,
214,11196527,Market area ,27500.0,28100.0,,
215,11196527,Market area,27500.0,30000.0,,
216,11196528,Market area,27500.0,28100.0,,
217,11196528,Hole area,27500.0,30000.0,,
218,11196529,Market area,27500.0,28100.0,,
219,11196529,Hole area,27500.0,30000.0,,
220,11196530,Market area,27500.0,28100.0,,
221,11196530,Hole area,27500.0,30000.0,,
222,11196531,Market area,27500.0,28100.0,,
223,11196531,Hole area,27500.0,30000.0,,
224,11196532,Market area,27500.0,28100.0,,
225,11196532,Hole area,27500.0,30000.0,,
226,11196533,Market area,27500.0,28100.0,,
227,11196533,Hole area,27500.0,30000.0,,
228,11204111,MA2-56,27500.0,30000.0,,
229,11204111,MA2-57,27500.0,30000.0,,
230,11204111,MA2-58,27500.0,30000.0,,
231,11204111,MA2-59,27500.0,30000.0,,
232,11204111,MA2-60,27500.0,30000.0,,
233,11204111,MA2-61,27500.0,30000.0,,
234,11204111,MA2-62,27500.0,30000.0,,
235,11204111,MA2-63,27500.0,30000.0,,
236,11204111,MA2-64,27500.0,30000.0,,
237,11204111,MA2-65,27500.0,30000.0,,
238,11204111,MA2-66,27500.0,30000.0,,
239,11204111,MA2-67,27500.0,30000.0,,
240,11204111,MA2-68,27500.0,30000.0,,
241,11204111,MA2-69,27500.0,30000.0,,
242,11204111,MA2-70,27500.0,30000.0,,
243,11204111,MA2-71,27500.0,30000.0,,
244,11204111,MA2-72,27500.0,30000.0,,
245,11204111,MA2-73,27500.0,30000.0,,
246,11204111,MA2-74,27500.0,30000.0,,
247,11204111,MA2-75,27500.0,30000.0,,
248,11204111,MA2-76,27500.0,30000.0,,
249,11204111,MA2-77,27500.0,30000.0,,
250,11204111,MA2-78,27500.0,30000.0,,
251,11204111,MA2-79,27500.0,30000.0,,
252,11204111,MA2-80,27500.0,30000.0,,
253,11204111,MA2-81,27500.0,30000.0,,
254,11204111,MA2-82,27500.0,30000.0,,
255,11204111,MA2-83,27500.0,30000.0,,
256,11204111,MA2-84,27500.0,30000.0,,
257,11204111,MA2-85,27500.0,30000.0,,
258,11204111,MA2-86,27500.0,30000.0,,
259,11204111,MA2-87,27500.0,30000.0,,
260,11204111,MA2-88,27500.0,30000.0,,
261,11204111,MA3-1,27500.0,30000.0,,
262,11204111,MA3-2,27500.0,30000.0,,
263,11204111,MA3-3,27500.0,30000.0,,
264,11204111,MA3-4,27500.0,30000.0,,
265,11204111,MA3-5,27500.0,30000.0,,
266,11204111,MA3-6,27500.0,30000.0,,
267,11204111,MA3-7,27500.0,30000.0,,
268,11204111,MA3-8,27500.0,30000.0,,
269,11204111,MA3-9,27500.0,30000.0,,
270,11204111,MA3-10,27500.0,30000.0,,
271,11204111,MA3-11,27500.0,30000.0,,
272,11204111,MA3-12,27500.0,30000.0,,
273,11204111,MA3-13,27500.0,30000.0,,
274,11204111,MA3-14,27500.0,30000.0,,
275,11204111,MA3-15,27500.0,30000.0,,
276,11204111,MA3-16,27500.0,30000.0,,
277,11204111,MA3-17,27500.0,30000.0,,
278,11204111,MA3-18,27500.0,30000.0,,
279,11204111,MA3-19,27500.0,30000.0,,
280,11204111,MA3-20,27500.0,30000.0,,
281,11204111,MA3-21,27500.0,30000.0,,
282,11204111,MA3-22,27500.0,30000.0,,
283,11204111,MA3-23,27500.0,30000.0,,
284,11204111,MA3-24,27500.0,30000.0,,
285,11204111,MA3-25,27500.0,30000.0,,
286,11204111,MA3-26,27500.0,30000.0,,
287,11204111,MA3-65,27500.0,30000.0,,
288,11204111,MA3-66,27500.0,30000.0,,
289,11204111,MA3-67,27500.0,30000.0,,
290,11204111,MA3-68,27500.0,30000.0,,
291,11204111,MA3-69,27500.0,30000.0,,
292,11204111,MA2-30,27500.0,30000.0,,
293,11204111,MA2-31,27500.0,30000.0,,
294,11204111,MA2-32,27500.0,30000.0,,
295,11204111,MA2-33,27500.0,30000.0,,
296,11204111,MA2-34,27500.0,30000.0,,
297,11204111,MA2-35,27500.0,30000.0,,
298,11204111,MA2-36,27500.0,30000.0,,
299,11204111,MA2-37,27500.0,30000.0,,
300,11204111,MA2-38,27500.0,30000.0,,
301,11204111,MA2-39,27500.0,30000.0,,
302,11204111,MA2-40,27500.0,30000.0,,
303,11204111,MA2-41,27500.0,30000.0,,
304,11204111,MA2-42,27500.0,30000.0,,
305,11204111,MA2-43,27500.0,30000.0,,
306,11204111,MA2-44,27500.0,30000.0,,
307,11204111,MA2-45,27500.0,30000.0,,
308,11204111,MA2-46,27500.0,30000.0,,
309,11204111,MA2-47,27500.0,30000.0,,
310,11204111,MA2-48,27500.0,30000.0,,
311,11204111,MA2-49,27500.0,30000.0,,
312,11204111,MA2-50,27500.0,30000.0,,
313,11204111,MA2-51,27500.0,30000.0,,
314,11204111,MA2-52,27500.0,30000.0,,
315,11204111,MA3-27,27500.0,30000.0,,
316,11204111,MA3-28,27500.0,30000.0,,
317,11204111,MA3-29,27500.0,30000.0,,
318,11204111,MA3-30,27500.0,30000.0,,
319,11204111,MA3-31,27500.0,30000.0,,
320,11204111,MA3-32,27500.0,30000.0,,
321,11204111,MA3-33,27500.0,30000.0,,
322,11204111,MA3-34,27500.0,30000.0,,
323,11204111,MA3-35,27500.0,30000.0,,
324,11204111,MA3-36,27500.0,30000.0,,
325,11204111,MA3-37,27500.0,30000.0,,
326,11204111,MA3-38,27500.0,30000.0,,
327,11204111,MA3-39,27500.0,30000.0,,
328,11204111,MA3-40,27500.0,30000.0,,
329,11204111,MA3-41,27500.0,30000.0,,
330,11204111,MA3-42,27500.0,30000.0,,
331,11204111,MA3-43,27500.0,30000.0,,
332,11204111,MA3-44,27500.0,30000.0,,
333,11204111,MA3-45,27500.0,30000.0,,
334,11204111,MA3-46,27500.0,30000.0,,
335,11204111,MA3-47,27500.0,30000.0,,
336,11204111,MA3-48,27500.0,30000.0,,
337,11204111,MA3-49,27500.0,30000.0,,
338,11204111,MA3-50,27500.0,30000.0,,
339,11204111,MA3-51,27500.0,30000.0,,
340,11204111,MA3-52,27500.0,30000.0,,
341,11204111,MA3-53,27500.0,30000.0,,
342,11204111,MA3-54,27500.0,30000.0,,
343,11204111,MA3-55,27500.0,30000.0,,
344,11204111,MA3-56,27500.0,30000.0,,
345,11204111,MA3-57,27500.0,30000.0,,
346,11204111,MA3-58,27500.0,30000.0,,
347,11204111,MA3-59,27500.0,30000.0,,
348,11204111,MA3-60,27500.0,30000.0,,
349,11204111,MA3-61,27500.0,30000.0,,
350,11204111,MA3-62,27500.0,30000.0,,
351,11204111,MA3-63,27500.0,30000.0,,
352,11204111,MA3-64,27500.0,30000.0,,
353,11204111,MA2-53,27500.0,30000.0,,
354,11204111,MA2-54,27500.0,30000.0,,
355,11204111,MA2-55,27500.0,30000.0,,
356,11204111,MA59,27500.0,30000.0,,
357,11204111,MA60,27500.0,30000.0,,
358,11204111,MA61,27500.0,30000.0,,
359,11204111,MA62,27500.0,30000.0,,
360,11204111,MA63,27500.0,30000.0,,
361,11204111,MA64,27500.0,30000.0,,
362,11204111,MA65,27500.0,30000.0,,
363,11204111,MA66,27500.0,30000.0,,
364,11204111,MA67,27500.0,30000.0,,
365,11204111,MA68,27500.0,30000.0,,
366,11204111,MA69,27500.0,30000.0,,
367,11204111,MA70,27500.0,30000.0,,
368,11204111,MA71,27500.0,30000.0,,
369,11204111,MA72,27500.0,30000.0,,
370,11204111,MA73,27500.0,30000.0,,
371,11204111,MA74,27500.0,30000.0,,
372,11204111,MA75,27500.0,30000.0,,
373,11204111,MA76,27500.0,30000.0,,
374,11204111,MA77,27500.0,30000.0,,
375,11204111,MA78,27500.0,30000.0,,
376,11204111,MA79,27500.0,30000.0,,
377,11204111,MA80,27500.0,30000.0,,
378,11204111,MA81,27500.0,30000.0,,
379,11204111,MA82,27500.0,30000.0,,
380,11204111,MA83,27500.0,30000.0,,
381,11204111,MA84,27500.0,30000.0,,
382,11204111,MA85,27500.0,30000.0,,
383,11204111,MA86,27500.0,30000.0,,
384,11204111,MA87,27500.0,30000.0,,
385,11204111,MA88,27500.0,30000.0,,
386,11204111,MA89,27500.0,30000.0,,
387,11204111,MA90,27500.0,30000.0,,
388,11204111,MA91,27500.0,30000.0,,
389,11204111,MA92,27500.0,30000.0,,
390,11204111,MA93,27500.0,30000.0,,
391,11204111,MA2-1,27500.0,30000.0,,
392,11204111,MA2-2,27500.0,30000.0,,
393,11204111,MA2-3,27500.0,30000.0,,
394,11204111,MA2-4,27500.0,30000.0,,
395,11204111,MA2-5,27500.0,30000.0,,
396,11204111,MA2-6,27500.0,30000.0,,
397,11204111,MA2-7,27500.0,30000.0,,
398,11204111,MA2-8,27500.0,30000.0,,
399,11204111,MA2-9,27500.0,30000.0,,
400,11204111,MA2-10,27500.0,30000.0,,
401,11204111,MA2-11,27500.0,30000.0,,
402,11204111,MA2-12,27500.0,30000.0,,
403,11204111,MA2-13,27500.0,30000.0,,
404,11204111,MA2-14,27500.0,30000.0,,
405,11204111,MA2-15,27500.0,30000.0,,
406,11204111,MA2-16,27500.0,30000.0,,
407,11204111,MA2-17,27500.0,30000.0,,
408,11204111,MA2-18,27500.0,30000.0,,
409,11204111,MA2-19,27500.0,30000.0,,
410,11204111,MA2-20,27500.0,30000.0,,
411,11204111,MA2-21,27500.0,30000.0,,
412,11204111,MA2-22,27500.0,30000.0,,
413,11204111,MA2-23,27500.0,30000.0,,
414,11204111,MA2-24,27500.0,30000.0,,
415,11204111,MA2-25,27500.0,30000.0,,
416,11204111,MA2-26,27500.0,30000.0,,
417,11204111,MA2-27,27500.0,30000.0,,
418,11204111,MA2-28,27500.0,30000.0,,
419,11204111,MA2-29,27500.0,30000.0,,
420,11204111,MA1,27500.0,30000.0,,
421,11204111,MA2,27500.0,30000.0,,
422,11204111,MA3,27500.0,30000.0,,
423,11204111,MA4,27500.0,30000.0,,
424,11204111,MA5,27500.0,30000.0,,
425,11204111,MA6,27500.0,30000.0,,
426,11204111,MA7,27500.0,30000.0,,
427,11204111,MA8,27500.0,30000.0,,
428,11204111,MA9,27500.0,30000.0,,
429,11204111,MA10,27500.0,30000.0,,
430,11204111,MA14,27500.0,30000.0,,
431,11204111,MA15,27500.0,30000.0,,
432,11204111,MA16,27500.0,30000.0,,
433,11204111,MA17,27500.0,30000.0,,
434,11204111,MA18,27500.0,30000.0,,
435,11204111,MA19,27500.0,30000.0,,
436,11204111,MA20,27500.0,30000.0,,
437,11204111,MA21,27500.0,30000.0,,
438,11204111,MA22,27500.0,30000.0,,
439,11204111,MA23,27500.0,30000.0,,
440,11204111,MA24,27500.0,30000.0,,
441,11204111,MA25,27500.0,30000.0,,
442,11204111,MA26,27500.0,30000.0,,
443,11204111,MA27,27500.0,30000.0,,
444,11204111,MA28,27500.0,30000.0,,
445,11204111,MA29,27500.0,30000.0,,
446,11204111,MA30,27500.0,30000.0,,
447,11204111,MA31,27500.0,30000.0,,
448,11204111,MA32,27500.0,30000.0,,
449,11204111,MA33,27500.0,30000.0,,
450,11204111,MA34,27500.0,30000.0,,
451,11204111,MA35,27500.0,30000.0,,
452,11204111,MA36,27500.0,30000.0,,
453,11204111,MA37,27500.0,30000.0,,
454,11204111,MA38,27500.0,30000.0,,
455,11204111,MA39,27500.0,30000.0,,
456,11204111,MA40,27500.0,30000.0,,
457,11204111,MA41,27500.0,30000.0,,
458,11204111,MA42,27500.0,30000.0,,
459,11204111,MA43,27500.0,30000.0,,
460,11204111,MA44,27500.0,30000.0,,
461,11204111,MA45,27500.0,30000.0,,
462,11204111,MA46,27500.0,30000.0,,
463,11204111,MA47,27500.0,30000.0,,
464,11204111,MA48,27500.0,30000.0,,
465,11204111,MA49,27500.0,30000.0,,
466,11204111,MA50,27500.0,30000.0,,
467,11204111,MA11,27500.0,30000.0,,
468,11204111,MA12,27500.0,30000.0,,
469,11204111,MA13,27500.0,30000.0,,
470,11204111,MA51,27500.0,30000.0,,
471,11204111,MA52,27500.0,30000.0,,
472,11204111,MA53,27500.0,30000.0,,
473,11204111,MA54,27500.0,30000.0,,
474,11204111,MA55,27500.0,30000.0,,
475,11204111,MA56,27500.0,30000.0,,
476,11204111,MA57,27500.0,30000.0,,
477,11204111,MA58,27500.0,30000.0,,
478,11204122,MA1,27500.0,30000.0,,
479,11204122,MA2,27500.0,30000.0,,
480,11204122,MA3,27500.0,30000.0,,
481,11204122,MA4,27500.0,30000.0,,
482,11204122,MA5,27500.0,30000.0,,
483,11204122,MA6,27500.0,30000.0,,
484,11204122,MA7,27500.0,30000.0,,
485,11204122,MA8,27500.0,30000.0,,
486,11204122,MA9,27500.0,30000.0,,
487,11204122,MA10,27500.0,30000.0,,
488,11204122,MA11,27500.0,30000.0,,
489,11204122,MA12,27500.0,30000.0,,
490,11204122,MA13,27500.0,30000.0,,
491,11204122,MA14,27500.0,30000.0,,
492,11204122,MA15,27500.0,30000.0,,
493,11204122,MA16,27500.0,30000.0,,
494,11204122,MA17,27500.0,30000.0,,
495,11204122,MA18,27500.0,30000.0,,
496,11204122,MA19,27500.0,30000.0,,
497,11204122,MA20,27500.0,30000.0,,
498,11204122,MA21,27500.0,30000.0,,
499,11204122,MA22,27500.0,30000.0,,
500,11204122,MA23,27500.0,30000.0,,
501,11204122,MA24,27500.0,30000.0,,
502,11204122,MA25,27500.0,30000.0,,
503,11204122,MA26,27500.0,30000.0,,
504,11204122,MA27,27500.0,30000.0,,
505,11204122,MA28,27500.0,30000.0,,
506,11204122,MA29,27500.0,30000.0,,
507,11204122,MA30,27500.0,30000.0,,
508,11204122,MA31,27500.0,30000.0,,
509,11204122,MA32,27500.0,30000.0,,
510,11204122,MA33,27500.0,30000.0,,
511,11204122,MA34,27500.0,30000.0,,
512,11204122,MA35,27500.0,30000.0,,
513,11204122,MA36,27500.0,30000.0,,
514,11204122,MA37,27500.0,30000.0,,
515,11204122,MA38,27500.0,30000.0,,
516,11204122,MA39,27500.0,30000.0,,
517,11204122,MA40,27500.0,30000.0,,
518,11204122,MA41,27500.0,30000.0,,
519,11204122,MA42,27500.0,30000.0,,
520,11204122,MA43,27500.0,30000.0,,
521,11204122,MA44,27500.0,30000.0,,
522,11204122,MA45,27500.0,30000.0,,
523,11204122,MA46,27500.0,30000.0,,
524,11204122,MA47,27500.0,30000.0,,
525,11204122,MA48,27500.0,30000.0,,
526,11204122,MA49,27500.0,30000.0,,
527,11204122,MA50,27500.0,30000.0,,
528,11204122,MA51,27500.0,30000.0,,
529,11204122,MA52,27500.0,30000.0,,
530,11204122,MA53,27500.0,30000.0,,
531,11204122,MA54,27500.0,30000.0,,
532,11204122,MA55,27500.0,30000.0,,
533,11204122,MA56,27500.0,30000.0,,
534,11204122,MA57,27500.0,30000.0,,
535,11204122,MA58,27500.0,30000.0,,
536,11204122,MA59,27500.0,30000.0,,
537,11204122,MA60,27500.0,30000.0,,
538,11204122,MA61,27500.0,30000.0,,
539,11204122,MA62,27500.0,30000.0,,
540,11204122,MA63,27500.0,30000.0,,
541,11204122,MA64,27500.0,30000.0,,
542,11204122,MA65,27500.0,30000.0,,
543,11204122,MA66,27500.0,30000.0,,
544,11204122,MA67,27500.0,30000.0,,
545,11204122,MA68,27500.0,30000.0,,
546,11204122,MA69,27500.0,30000.0,,
547,11204122,MA70,27500.0,30000.0,,
548,11204122,MA71,27500.0,30000.0,,
549,11204122,MA72,27500.0,30000.0,,
550,11204122,MA73,27500.0,30000.0,,
551,11204122,MA74,27500.0,30000.0,,
552,11204122,MA75,27500.0,30000.0,,
553,11204122,MA76,27500.0,30000.0,,
554,11204122,MA77,27500.0,30000.0,,
555,11204122,MA78,27500.0,30000.0,,
556,11204122,MA79,27500.0,30000.0,,
557,11204122,MA80,27500.0,30000.0,,
558,11204122,MA81,27500.0,30000.0,,
559,11204122,MA82,27500.0,30000.0,,
560,11204122,MA83,27500.0,30000.0,,
561,11204122,MA84,27500.0,30000.0,,
562,11204122,MA85,27500.0,30000.0,,
563,11204122,MA86,27500.0,30000.0,,
564,11204122,MA87,27500.0,30000.0,,
565,11204122,MA88,27500.0,30000.0,,
566,11204122,MA89,27500.0,30000.0,,
567,11204122,MA90,27500.0,30000.0,,
568,11204122,MA91,27500.0,30000.0,,
569,11204122,MA92,27500.0,30000.0,,
570,11204122,MA93,27500.0,30000.0,,
571,11204122,MA94,27500.0,30000.0,,
572,11204122,MA95,27500.0,30000.0,,
573,11204122,MA96,27500.0,30000.0,,
574,11204122,MA97,27500.0,30000.0,,
575,11204122,MA98,27500.0,30000.0,,
576,11204122,MA99,27500.0,30000.0,,
577,11204122,MA100,27500.0,30000.0,,
578,11204122,MA101,27500.0,30000.0,,
579,11204122,MA102,27500.0,30000.0,,
580,11204122,MA103,27500.0,30000.0,,
581,11204122,MA104,27500.0,30000.0,,
582,11204122,MA105,27500.0,30000.0,,
583,11204122,MA106,27500.0,30000.0,,
584,11204122,MA107,27500.0,30000.0,,
585,11204122,MA108,27500.0,30000.0,,
586,11204122,MA109,27500.0,30000.0,,
587,11204122,MA110,27500.0,30000.0,,
588,11204122,MA111,27500.0,30000.0,,
589,11204122,MA112,27500.0,30000.0,,
590,11204122,MA113,27500.0,30000.0,,
591,11204122,MA114,27500.0,30000.0,,
592,11204122,MA115,27500.0,30000.0,,
593,11204122,MA116,27500.0,30000.0,,
594,11204122,MA117,27500.0,30000.0,,
595,11204122,MA118,27500.0,30000.0,,
596,11204122,MA119,27500.0,30000.0,,
597,11204122,MA120,27500.0,30000.0,,
598,11204122,MA121,27500.0,30000.0,,
599,11204122,MA122,27500.0,30000.0,,
600,11204122,MA123,27500.0,30000.0,,
601,11204122,MA124,27500.0,30000.0,,
602,11204122,MA125,27500.0,30000.0,,
603,11204122,MA126,27500.0,30000.0,,
604,11204122,MA127,27500.0,30000.0,,
605,11204122,MA128,27500.0,30000.0,,
606,11204122,MA129,27500.0,30000.0,,
607,11204122,MA130,27500.0,30000.0,,
608,11204122,MA131,27500.0,30000.0,,
609,11204122,MA132,27500.0,30000.0,,
610,11204122,MA133,27500.0,30000.0,,
611,11204122,MA134,27500.0,30000.0,,
612,11204122,MA135,27500.0,30000.0,,
613,11204122,MA136,27500.0,30000.0,,
614,11204122,MA137,27500.0,30000.0,,
615,11204122,MA138,27500.0,30000.0,,
616,11204122,MA139,27500.0,30000.0,,
617,11204122,MA140,27500.0,30000.0,,
618,11204122,MA141,27500.0,30000.0,,
619,11204122,MA142,27500.0,30000.0,,
620,11204122,MA143,27500.0,30000.0,,
621,11204122,MA144,27500.0,30000.0,,
622,11204122,MA145,27500.0,30000.0,,
623,11204122,MA146,27500.0,30000.0,,
624,11204122,MA147,27500.0,30000.0,,
625,11204122,MA148,27500.0,30000.0,,
626,11204122,MA149,27500.0,30000.0,,
627,11204122,MA150,27500.0,30000.0,,
628,11204122,MA151,27500.0,30000.0,,
629,11204122,MA152,27500.0,30000.0,,
630,11204122,MA153,27500.0,30000.0,,
631,11204122,MA154,27500.0,30000.0,,
632,11204122,MA155,27500.0,30000.0,,
633,11204122,MA156,27500.0,30000.0,,
634,11204122,MA157,27500.0,30000.0,,
635,11204122,MA158,27500.0,30000.0,,
636,11204122,MA159,27500.0,30000.0,,
637,11204122,MA160,27500.0,30000.0,,
638,11204122,MA161,27500.0,30000.0,,
639,11204122,MA162,27500.0,30000.0,,
640,11204122,MA163,27500.0,30000.0,,
641,11204122,MA164,27500.0,30000.0,,
642,11204122,MA165,27500.0,30000.0,,
643,11204122,MA166,27500.0,30000.0,,
644,11204122,MA167,27500.0,30000.0,,
645,11204122,MA168,27500.0,30000.0,,
646,11204122,MA169,27500.0,30000.0,,
647,11204122,MA170,27500.0,30000.0,,
648,11204122,MA171,27500.0,30000.0,,
649,11204122,MA172,27500.0,30000.0,,
650,11204122,MA173,27500.0,30000.0,,
651,11204122,MA174,27500.0,30000.0,,
652,11204122,MA175,27500.0,30000.0,,
653,11204122,MA176,27500.0,30000.0,,
654,11204122,MA177,27500.0,30000.0,,
655,11204122,MA178,27500.0,30000.0,,
656,11204122,MA179,27500.0,30000.0,,
657,11204122,MA180,27500.0,30000.0,,
658,11204122,MA181,27500.0,30000.0,,
659,11204122,MA182,27500.0,30000.0,,
660,11204122,MA183,27500.0,30000.0,,
661,11204122,MA184,27500.0,30000.0,,
662,11204122,MA185,27500.0,30000.0,,
663,11204122,MA186,27500.0,30000.0,,
664,11204122,MA187,27500.0,30000.0,,
665,11204122,MA188,27500.0,30000.0,,
666,11204122,MA189,27500.0,30000.0,,
667,11204122,MA190,27500.0,30000.0,,
668,11204122,MA191,27500.0,30000.0,,
669,11204122,MA192,27500.0,30000.0,,
670,11204122,MA193,27500.0,30000.0,,
671,11204122,MA194,27500.0,30000.0,,
672,11204122,MA195,27500.0,30000.0,,
673,11204122,MA196,27500.0,30000.0,,
674,11204122,MA197,27500.0,30000.0,,
675,11204122,MA198,27500.0,30000.0,,
676,11204122,MA199,27500.0,30000.0,,
677,11204122,MA200,27500.0,30000.0,,
678,11204122,MA201,27500.0,30000.0,,
679,11204122,MA202,27500.0,30000.0,,
680,11204122,MA203,27500.0,30000.0,,
681,11204122,MA204,27500.0,30000.0,,
682,11204122,MA205,27500.0,30000.0,,
683,11204122,MA206,27500.0,30000.0,,
684,11204122,MA207,27500.0,30000.0,,
685,11204122,MA208,27500.0,30000.0,,
686,11204122,MA209,27500.0,30000.0,,
687,11204122,MA210,27500.0,30000.0,,
688,11204122,MA211,27500.0,30000.0,,
689,11204122,MA212,27500.0,30000.0,,
690,11204122,MA213,27500.0,30000.0,,
691,11204122,MA214,27500.0,30000.0,,
692,11204122,MA215,27500.0,30000.0,,
693,11204122,MA216,27500.0,30000.0,,
694,11204122,MA217,27500.0,30000.0,,
695,11204122,MA218,27500.0,30000.0,,
696,11204122,MA219,27500.0,30000.0,,
697,11204122,MA220,27500.0,30000.0,,
698,11204122,MA221,27500.0,30000.0,,
699,11204122,MA222,27500.0,30000.0,,
700,11204122,MA223,27500.0,30000.0,,
701,11204122,MA224,27500.0,30000.0,,
702,11204122,MA225,27500.0,30000.0,,
703,11204122,MA226,27500.0,30000.0,,
704,11204122,MA227,27500.0,30000.0,,
705,11204122,MA228,27500.0,30000.0,,
706,11204122,MA229,27500.0,30000.0,,
707,11204122,MA230,27500.0,30000.0,,
708,11204122,MA231,27500.0,30000.0,,
709,11204122,MA232,27500.0,30000.0,,
710,11204122,MA233,27500.0,30000.0,,
711,11204122,MA234,27500.0,30000.0,,
712,11204122,MA235,27500.0,30000.0,,
713,11204122,MA236,27500.0,30000.0,,
714,11204122,MA237,27500.0,30000.0,,
715,11204122,MA238,27500.0,30000.0,,
716,11204122,MA239,27500.0,30000.0,,
717,11204122,MA240,27500.0,30000.0,,
718,11204122,MA241,27500.0,30000.0,,
719,11204122,MA242,27500.0,30000.0,,
720,11204122,MA243,27500.0,30000.0,,
721,11204122,MA244,27500.0,30000.0,,
722,11204122,MA245,27500.0,30000.0,,
723,11204122,MA246,27500.0,30000.0,,
724,11204122,MA247,27500.0,30000.0,,
725,11204122,MA248,27500.0,30000.0,,
726,11204122,MA249,27500.0,30000.0,,
727,11204122,MA250,27500.0,30000.0,,
728,11204122,MA251,27500.0,30000.0,,
729,11204122,MA252,27500.0,30000.0,,
730,11204122,MA253,27500.0,30000.0,,
731,11204122,MA254,27500.0,30000.0,,
732,11204122,MA255,27500.0,30000.0,,
733,11204122,MA256,27500.0,30000.0,,
734,11204122,MA257,27500.0,30000.0,,
735,11204122,MA258,27500.0,30000.0,,
736,11204122,MA259,27500.0,30000.0,,
737,11204122,MA260,27500.0,30000.0,,
738,11204122,MA261,27500.0,30000.0,,
739,11204122,MA262,27500.0,30000.0,,
740,11204122,MA263,27500.0,30000.0,,
741,11204122,MA264,27500.0,30000.0,,
742,11204122,MA265,27500.0,30000.0,,
743,11204122,MA266,27500.0,30000.0,,
744,11204122,MA267,27500.0,30000.0,,
745,11204122,MA268,27500.0,30000.0,,
746,11204122,MA269,27500.0,30000.0,,
747,11204122,MA270,27500.0,30000.0,,
748,11204122,MA271,27500.0,30000.0,,
749,11204122,MA272,27500.0,30000.0,,
750,11204122,MA273,27500.0,30000.0,,
751,11204122,MA274,27500.0,30000.0,,
752,11204122,MA275,27500.0,30000.0,,
753,11204122,MA276,27500.0,30000.0,,
754,11204122,MA277,27500.0,30000.0,,
755,11204122,MA278,27500.0,30000.0,,
756,11204122,MA279,27500.0,30000.0,,
757,11204122,MA280,27500.0,30000.0,,
758,11204122,MA281,27500.0,30000.0,,
759,11204122,MA282,27500.0,30000.0,,
760,11204122,MA283,27500.0,30000.0,,
761,11204122,MA284,27500.0,30000.0,,
762,11204122,MA285,27500.0,30000.0,,
763,11204122,MA286,27500.0,30000.0,,
764,11204122,MA287,27500.0,30000.0,,
765,11204122,MA288,27500.0,30000.0,,
766,11204122,MA289,27500.0,30000.0,,
767,11204122,MA290,27500.0,30000.0,,
768,11204122,MA291,27500.0,30000.0,,
769,11204122,MA292,27500.0,30000.0,,
770,11204122,MA293,27500.0,30000.0,,
771,11204122,MA294,27500.0,30000.0,,
772,11204122,MA415,27500.0,30000.0,,
773,11204122,MA416,27500.0,30000.0,,
774,11204122,MA417,27500.0,30000.0,,
775,11204122,MA418,27500.0,30000.0,,
776,11204122,MA419,27500.0,30000.0,,
777,11204122,MA420,27500.0,30000.0,,
778,11204122,MA421,27500.0,30000.0,,
779,11204122,MA422,27500.0,30000.0,,
780,11204122,MA423,27500.0,30000.0,,
781,11204122,MA424,27500.0,30000.0,,
782,11204122,MA425,27500.0,30000.0,,
783,11204122,MA426,27500.0,30000.0,,
784,11204122,MA295,27500.0,30000.0,,
785,11204122,MA296,27500.0,30000.0,,
786,11204122,MA297,27500.0,30000.0,,
787,11204122,MA298,27500.0,30000.0,,
788,11204122,MA299,27500.0,30000.0,,
789,11204122,MA300,27500.0,30000.0,,
790,11204122,MA301,27500.0,30000.0,,
791,11204122,MA302,27500.0,30000.0,,
792,11204122,MA303,27500.0,30000.0,,
793,11204122,MA304,27500.0,30000.0,,
794,11204122,MA305,27500.0,30000.0,,
795,11204122,MA306,27500.0,30000.0,,
796,11204122,MA307,27500.0,30000.0,,
797,11204122,MA308,27500.0,30000.0,,
798,11204122,MA309,27500.0,30000.0,,
799,11204122,MA310,27500.0,30000.0,,
800,11204122,MA311,27500.0,30000.0,,
801,11204122,MA312,27500.0,30000.0,,
802,11204122,MA313,27500.0,30000.0,,
803,11204122,MA314,27500.0,30000.0,,
804,11204122,MA315,27500.0,30000.0,,
805,11204122,MA316,27500.0,30000.0,,
806,11204122,MA317,27500.0,30000.0,,
807,11204122,MA318,27500.0,30000.0,,
808,11204122,MA319,27500.0,30000.0,,
809,11204122,MA320,27500.0,30000.0,,
810,11204122,MA321,27500.0,30000.0,,
811,11204122,MA322,27500.0,30000.0,,
812,11204122,MA323,27500.0,30000.0,,
813,11204122,MA324,27500.0,30000.0,,
814,11204122,MA325,27500.0,30000.0,,
815,11204122,MA326,27500.0,30000.0,,
816,11204122,MA327,27500.0,30000.0,,
817,11204122,MA328,27500.0,30000.0,,
818,11204122,MA329,27500.0,30000.0,,
819,11204122,MA330,27500.0,30000.0,,
820,11204122,MA331,27500.0,30000.0,,
821,11204122,MA332,27500.0,30000.0,,
822,11204122,MA333,27500.0,30000.0,,
823,11204122,MA334,27500.0,30000.0,,
824,11204122,MA335,27500.0,30000.0,,
825,11204122,MA336,27500.0,30000.0,,
826,11204122,MA337,27500.0,30000.0,,
827,11204122,MA338,27500.0,30000.0,,
828,11204122,MA339,27500.0,30000.0,,
829,11204122,MA340,27500.0,30000.0,,
830,11204122,MA341,27500.0,30000.0,,
831,11204122,MA342,27500.0,30000.0,,
832,11204122,MA343,27500.0,30000.0,,
833,11204122,MA344,27500.0,30000.0,,
834,11204122,MA345,27500.0,30000.0,,
835,11204122,MA346,27500.0,30000.0,,
836,11204122,MA347,27500.0,30000.0,,
837,11204122,MA348,27500.0,30000.0,,
838,11204122,MA349,27500.0,30000.0,,
839,11204122,MA350,27500.0,30000.0,,
840,11204122,MA351,27500.0,30000.0,,
841,11204122,MA352,27500.0,30000.0,,
842,11204122,MA353,27500.0,30000.0,,
843,11204122,MA354,27500.0,30000.0,,
844,11204122,MA355,27500.0,30000.0,,
845,11204122,MA356,27500.0,30000.0,,
846,11204122,MA357,27500.0,30000.0,,
847,11204122,MA358,27500.0,30000.0,,
848,11204122,MA359,27500.0,30000.0,,
849,11204122,MA360,27500.0,30000.0,,
850,11204122,MA361,27500.0,30000.0,,
851,11204122,MA362,27500.0,30000.0,,
852,11204122,MA363,27500.0,30000.0,,
853,11204122,MA364,27500.0,30000.0,,
854,11204122,MA365,27500.0,30000.0,,
855,11204122,MA366,27500.0,30000.0,,
856,11204122,MA367,27500.0,30000.0,,
857,11204122,MA368,27500.0,30000.0,,
858,11204122,MA369,27500.0,30000.0,,
859,11204122,MA370,27500.0,30000.0,,
860,11204122,MA371,27500.0,30000.0,,
861,11204122,MA372,27500.0,30000.0,,
862,11204122,MA373,27500.0,30000.0,,
863,11204122,MA374,27500.0,30000.0,,
864,11204122,MA375,27500.0,30000.0,,
865,11204122,MA376,27500.0,30000.0,,
866,11204122,MA377,27500.0,30000.0,,
867,11204122,MA378,27500.0,30000.0,,
868,11204122,MA379,27500.0,30000.0,,
869,11204122,MA380,27500.0,30000.0,,
870,11204122,MA381,27500.0,30000.0,,
871,11204122,MA382,27500.0,30000.0,,
872,11204122,MA383,27500.0,30000.0,,
873,11204122,MA384,27500.0,30000.0,,
874,11204122,MA385,27500.0,30000.0,,
875,11204122,MA386,27500.0,30000.0,,
876,11204122,MA387,27500.0,30000.0,,
877,11204122,MA388,27500.0,30000.0,,
878,11204122,MA389,27500.0,30000.0,,
879,11204122,MA390,27500.0,30000.0,,
880,11204122,MA391,27500.0,30000.0,,
881,11204122,MA392,27500.0,30000.0,,
882,11204122,MA393,27500.0,30000.0,,
883,11204122,MA394,27500.0,30000.0,,
884,11204122,MA395,27500.0,30000.0,,
885,11204122,MA396,27500.0,30000.0,,
886,11204122,MA397,27500.0,30000.0,,
887,11204122,MA398,27500.0,30000.0,,
888,11204122,MA399,27500.0,30000.0,,
889,11204122,MA400,27500.0,30000.0,,
890,11204122,MA401,27500.0,30000.0,,
891,11204122,MA402,27500.0,30000.0,,
892,11204122,MA403,27500.0,30000.0,,
893,11204122,MA404,27500.0,30000.0,,
894,11204122,MA405,27500.0,30000.0,,
895,11204122,MA406,27500.0,30000.0,,
896,11204122,MA407,27500.0,30000.0,,
897,11204122,MA408,27500.0,30000.0,,
898,11204122,MA409,27500.0,30000.0,,
899,11204122,MA410,27500.0,30000.0,,
900,11204122,MA411,27500.0,30000.0,,
901,11204122,MA412,27500.0,30000.0,,
902,11204122,MA413,27500.0,30000.0,,
903,11204122,MA414,27500.0,30000.0,,
904,11204122,MA427,27500.0,30000.0,,
905,11204122,MA428,27500.0,30000.0,,
906,11204122,MA429,27500.0,30000.0,,
907,11204122,MA430,27500.0,30000.0,,
908,11204122,MA431,27500.0,30000.0,,
909,11204122,MA432,27500.0,30000.0,,
910,11204122,MA433,27500.0,30000.0,,
911,11204122,MA434,27500.0,30000.0,,
912,11204122,MA435,27500.0,30000.0,,
913,11204122,MA436,27500.0,30000.0,,
914,11204122,MA437,27500.0,30000.0,,
915,11204122,MA438,27500.0,30000.0,,
916,11204122,MA439,27500.0,30000.0,,
917,11204122,MA440,27500.0,30000.0,,
918,11204122,MA441,27500.0,30000.0,,
919,11204122,MA442,27500.0,30000.0,,
920,11204122,MA443,27500.0,30000.0,,
921,11204122,MA444,27500.0,30000.0,,
922,11204122,MA445,27500.0,30000.0,,
923,11204122,MA446,27500.0,30000.0,,
924,11204122,MA447,27500.0,30000.0,,
925,11204122,MA448,27500.0,30000.0,,
926,11204122,MA449,27500.0,30000.0,,
927,11204122,MA450,27500.0,30000.0,,
928,11204122,MA451,27500.0,30000.0,,
929,11204122,MA452,27500.0,30000.0,,
930,11204122,MA453,27500.0,30000.0,,
931,11204122,MA454,27500.0,30000.0,,
932,11204122,MA455,27500.0,30000.0,,
933,11204122,MA456,27500.0,30000.0,,
934,11204122,MA457,27500.0,30000.0,,
935,11204122,MA458,27500.0,30000.0,,
936,11204122,MA459,27500.0,30000.0,,
937,11204122,MA460,27500.0,30000.0,,
938,11204122,MA461,27500.0,30000.0,,
939,11204122,MA462,27500.0,30000.0,,
940,11204122,MA463,27500.0,30000.0,,
941,11204122,MA464,27500.0,30000.0,,
942,11204122,MA465,27500.0,30000.0,,
943,11204122,MA466,27500.0,30000.0,,
944,11204122,MA467,27500.0,30000.0,,
945,11204122,MA468,27500.0,30000.0,,
946,11204122,MA469,27500.0,30000.0,,
947,11204122,MA470,27500.0,30000.0,,
948,11204122,MA471,27500.0,30000.0,,
949,11204122,MA472,27500.0,30000.0,,
950,11204122,MA473,27500.0,30000.0,,
951,11204122,MA474,27500.0,30000.0,,
952,11204122,MA475,27500.0,30000.0,,
953,11204122,MA476,27500.0,30000.0,,
954,11204122,MA477,27500.0,30000.0,,
955,11204122,MA478,27500.0,30000.0,,
956,11204122,MA479,27500.0,30000.0,,
957,11204122,MA480,27500.0,30000.0,,
958,11204122,MA481,27500.0,30000.0,,
959,11204122,MA482,27500.0,30000.0,,
960,11204122,MA483,27500.0,30000.0,,
961,11204122,MA484,27500.0,30000.0,,
962,11204122,MA485,27500.0,30000.0,,
963,11204122,MA486,27500.0,30000.0,,
964,11204122,MA487,27500.0,30000.0,,
965,11204122,MA488,27500.0,30000.0,,
966,11204122,MA489,27500.0,30000.0,,
967,11204122,MA490,27500.0,30000.0,,
968,11204122,MA491,27500.0,30000.0,,
969,11204127,MA29,27500.0,28100.0,,
970,11204127,MA28,27500.0,28100.0,,
971,11204127,MA31,27500.0,28100.0,,
972,11204127,MA32,27500.0,28100.0,,
973,11204127,MA33,27500.0,28100.0,,
974,11204127,MA34,27500.0,28100.0,,
975,11204127,MA35,27500.0,28100.0,,
976,11204127,MA36,27500.0,28100.0,,
977,11204127,MA37,27500.0,28100.0,,
978,11204127,MA38,27500.0,28100.0,,
979,11204127,MA39,27500.0,28100.0,,
980,11204127,MA40,27500.0,28100.0,,
981,11204127,MA41,27500.0,28100.0,,
982,11204127,MA42,27500.0,28100.0,,
983,11204127,MA30,27500.0,28100.0,,
984,11204127,MA27,27500.0,28100.0,,
985,11204127,MA26,27500.0,28100.0,,
986,11204127,MA25,27500.0,28100.0,,
987,11204127,MA24,27500.0,28100.0,,
988,11204127,MA23,27500.0,28100.0,,
989,11204127,MA22,27500.0,28100.0,,
990,11204127,MA21,27500.0,28100.0,,
991,11204127,MA20,27500.0,28100.0,,
992,11204127,MA19,27500.0,28100.0,,
993,11204127,MA18,27500.0,28100.0,,
994,11204127,MA17,27500.0,28100.0,,
995,11204127,MA16,27500.0,28100.0,,
996,11204127,MA15,27500.0,28100.0,,
997,11204127,MA1,27500.0,28100.0,,
998,11204127,MA2,27500.0,28100.0,,
999,11204127,MA3,27500.0,28100.0,,
1000,11204127,MA4,27500.0,28100.0,,
1001,11204127,MA5,27500.0,28100.0,,
1002,11204127,MA6,27500.0,28100.0,,
1003,11204127,MA7,27500.0,28100.0,,
1004,11204127,MA8,27500.0,28100.0,,
1005,11204127,MA9,27500.0,28100.0,,
1006,11204127,MA10,27500.0,28100.0,,
1007,11204127,MA11,27500.0,28100.0,,
1008,11204127,MA12,27500.0,28100.0,,
1009,11204127,MA13,27500.0,28100.0,,
1010,11204127,MA14,27500.0,28100.0,,
1011,11209362,MA1,28100.0,28500.0,,
1012,11209364,MA11,27500.0,27700.0,,
1013,11209364,MA10,27500.0,27700.0,,
1014,11209364,MA9,27500.0,27700.0,,
1015,11209364,MA8,27500.0,27700.0,,
1016,11209364,MA12,27500.0,27700.0,,
1017,11209364,MA7,27500.0,27700.0,,
1018,11209364,MA6,27500.0,27700.0,,
1019,11209364,MA5,27500.0,27700.0,,
1020,11209364,MA4,27500.0,27700.0,,
1021,11209364,MA3,27500.0,27700.0,,
1022,11209364,MA2,27500.0,27700.0,,
1023,11209364,MA1,27500.0,27700.0,,
1024,11209365,MA1,27700.0,28700.0,,
1025,11210917,Area 0001,28500.0,29500.0,,
1026,11210917,Area 0007,29100.0,29500.0,,
1027,11215348,MA12,27500.0,29500.0,,
1028,11215348,MA11,28100.0,29500.0,,
1029,11215348,MA10,27500.0,29500.0,,
1030,11215348,MA5,28100.0,29500.0,,
1031,11215348,Merge: Merge: Merge: MA1 + MA2 + Merge: MA3 + MA6 + Merge: Merge: MA4 + MA7 + Merge: MA8 + MA9,27700.0,29500.0,,
1032,11217160,AH,28100.0,29100.0,,
1033,11217160,AI,28100.0,29100.0,,
1034,11217160,AJ,28100.0,29100.0,,
1035,11217160,AK,28100.0,29100.0,,
1036,11217160,AL,28100.0,29100.0,,
1037,11217160,AG,28100.0,29100.0,,
1038,11217160,AF,28100.0,29100.0,,
1039,11217160,AE,28100.0,29100.0,,
1040,11217160,AD,28100.0,29100.0,,
1041,11217160,AM,28700.0,29500.0,,
1042,11217160,AB,28100.0,29100.0,,
1043,11217160,AA,28100.0,29100.0,,
1044,11217160,AC,28100.0,29100.0,,
1045,11232380,Market area,20200.0,21200.0,,
1046,11232522,Market area,30000.0,31000.0,,
1047,11240788,MA1,27500.0,30000.0,,
1048,11240791,MA1,27500.0,30000.0,,
1049,11240792,MA1,27500.0,30000.0,,
1050,11240795,MA1,27500.0,30000.0,,
1051,11244562,MA1,27500.0,30000.0,,
1052,11244563,MA1,27500.0,30000.0,,
1053,11266071,ma001,24700.0,24900.0,,
1054,11266071,ma003,24700.0,24900.0,,
1055,11266071,ma002,24700.0,24900.0,,
1056,11266072,ma001,24700.0,25000.0,,
1057,11266073,ma001,24900.0,25100.0,,
1058,11268278,Sydney/Bathurst,25700.0,26700.0,,
1059,11268278,Albany,25700.0,26700.0,,
1060,11268278,Albury,25700.0,26700.0,,
1061,11268278,Armidale,25700.0,26700.0,,
1062,11268278,Bendigo,25700.0,26700.0,,
1063,11268278,Margaret River Lower,25700.0,26700.0,,
1064,11268278,Cairns,25700.0,26700.0,,
1065,11268278,Coffs Harbour,25700.0,26700.0,,
1066,11268278,Forster/Tuncurry,25700.0,26700.0,,
1067,11268278,Launceston,25700.0,26700.0,,
1068,11268278,Mackay,25700.0,26700.0,,
1069,11268278,Mildura,25700.0,26700.0,,
1070,11268278,Port Macquarie,25700.0,26700.0,,
1071,11268278,Rockhampton,25700.0,26700.0,,
1072,11268278,Shepparton/Mooroopna,25700.0,26700.0,,
1073,11268278,Townsville,25700.0,26700.0,,
1074,11268278,Traralgon/Morwell,25700.0,26700.0,,
1075,11268278,Wagga Wagga,25700.0,26700.0,,
1076,11268278,Warrnambool,25700.0,26700.0,,
1077,11268278,Greater Perth Lower,25100.0,26100.0,,
1078,11268278,Hobart Lower,25700.0,26700.0,,
1079,11268278,Melbourne/Ballarat,25700.0,26700.0,,
1080,11268278,Greater Brisbane/Lismore,25700.0,26700.0,,
1081,11268278,Darwin,25700.0,26700.0,,
1082,11268278,Canberra,25700.0,26700.0,,
1083,11268278,Adelaide,25700.0,26700.0,,
1084,11268278,Bundaberg/Hervey Bay,25700.0,26700.0,,
1085,11274789,ma007,25100.0,25500.0,,
1086,11274789,ma008,25100.0,25500.0,,
1087,11274789,ma001,25100.0,25500.0,,
1088,11274789,ma002,25100.0,25500.0,,
1089,11274789,ma003,25100.0,25500.0,,
1090,11274789,ma004,25100.0,25500.0,,
1091,11274789,ma005,25100.0,25500.0,,
1092,11274789,ma006,25100.0,25500.0,,
1093,11275966,Adelaide,25100.0,25700.0,,
1094,11275966,Canberra,25100.0,25700.0,,
1095,11275966,Margaret River Upper,27000.0,27300.0,,
1096,11275966,Margaret River Lower,26700.0,27000.0,,
1097,11275966,Hobart Upper,27000.0,27300.0,,
1098,11275966,Hobart Lower,26700.0,27000.0,,
1099,11275966,Greater Perth Upper 2,27000.0,27300.0,,
1100,11275966,Greater Perth Upper 1,27000.0,27300.0,,
1101,11275966,Greater Perth Lower,26900.0,27000.0,,
1102,11275966,Warrnambool,25100.0,25700.0,,
1103,11275966,Wagga Wagga,25100.0,25700.0,,
1104,11275966,Traralgon/Morwell,25100.0,25700.0,,
1105,11275966,Townsville,25100.0,25700.0,,
1106,11275966,Shepparton/Mooroopna,25100.0,25700.0,,
1107,11275966,Rockhampton,25100.0,25700.0,,
1108,11275966,Port Macquarie,25100.0,25700.0,,
1109,11275966,Mildura,25100.0,25700.0,,
1110,11275966,Mackay,25100.0,25700.0,,
1111,11275966,Launceston,25100.0,25700.0,,
1112,11275966,Forster/Tuncurry,25100.0,25700.0,,
1113,11275966,Coffs Harbour,25100.0,25700.0,,
1114,11275966,Cairns,25100.0,25700.0,,
1115,11275966,Bundaberg/Hervey Bay,25100.0,25700.0,,
1116,11275966,Bendigo,25100.0,25700.0,,
1117,11275966,Armidale,25100.0,25700.0,,
1118,11275966,Albury,25100.0,25700.0,,
1119,11275966,Albany,25100.0,25700.0,,
1120,11275966,Sydney/Bathurst,25100.0,25500.0,,
1121,11275966,Melbourne/Ballarat,25100.0,25500.0,,
1122,11275966,Greater Brisbane/Lismore,25100.0,25700.0,,
1123,11275966,Darwin,25100.0,25700.0,,
1124,11275967,Townsville,26700.0,27500.0,,
1125,11275967,Shepparton/Mooroopna,26700.0,27500.0,,
1126,11275967,Hobart Lower,25100.0,25700.0,,
1127,11275967,Traralgon/Morwell,26700.0,27500.0,,
1128,11275967,Rockhampton,26700.0,27500.0,,
1129,11275967,Port Macquarie,26700.0,27500.0,,
1130,11275967,Mildura,26700.0,27500.0,,
1131,11275967,Mackay,26700.0,27500.0,,
1132,11275967,Launceston,26700.0,27500.0,,
1133,11275967,Forster/Tuncurry,26700.0,27500.0,,
1134,11275967,Coffs Harbour,26700.0,27500.0,,
1135,11275967,Cairns,26700.0,27500.0,,
1136,11275967,Bundaberg/Hervey Bay,26700.0,27500.0,,
1137,11275967,Bendigo,26700.0,27500.0,,
1138,11275967,Armidale,26700.0,27500.0,,
1139,11275967,Albury,26700.0,27500.0,,
1140,11275967,Albany,26700.0,27500.0,,
1141,11275967,Sydney/Bathurst,26700.0,27500.0,,
1142,11275967,Melbourne/Ballarat,26700.0,27500.0,,
1143,11275967,Greater Brisbane/Lismore,26700.0,27500.0,,
1144,11275967,Darwin,26700.0,27500.0,,
1145,11275967,Canberra,26700.0,27500.0,,
1146,11275967,Adelaide,26700.0,27500.0,,
1147,11275967,Margaret River Lower,25100.0,25700.0,,
1148,11275967,Greater Perth Lower,26100.0,26900.0,,
1149,11275967,Warrnambool,26700.0,27500.0,,
1150,11275967,Wagga Wagga,26700.0,27500.0,,
1151,11275968,Greater Perth Upper 2,27300.0,27500.0,,
1152,11275968,Greater Perth Upper 1,27300.0,27500.0,,
1153,11275968,Margaret River Upper,27300.0,27500.0,,
1154,11286123,Merge: ma025 + ma026,3477.5,3542.5,,
1155,11286123,Merge: ma019 + ma020,3475.0,3575.0,,
1156,11286123,Merge: ma029 + Merge: ma027 + ma030,3475.0,3571.5,,
1157,11286123,Merge: ma011 + ma018,3475.0,3540.0,,
1158,11286123,Merge: ma005 + ma008,3475.0,3540.0,,
1159,11286123,Merge: ma001 + ma002,3475.0,3543.5,,
1160,11286123,ma043,3510.0,3575.0,,
1161,11286123,ma042,3542.5,3575.0,,
1162,11286123,ma042,3442.5,3475.0,,
1163,11286123,ma036,3510.0,3575.0,,
1164,11286123,ma035,3510.0,3575.0,,
1165,11286123,ma034,3510.0,3575.0,,
1166,11286124,Merge: ma001 + ma002,3543.5,3547.0,,
1167,11286124,ma004,3539.0,3542.5,,
1168,11286124,ma003,3539.0,3542.5,,
1169,11286124,Merge: Merge: ma031 + Merge: ma027 + ma028 + Merge: ma033 + Merge: ma032 + Merge: ma029 + ma030,3571.5,3575.0,,
1170,11286124,Merge: Merge: ma008 + ma009 + Merge: Merge: ma005 + ma006 + Merge: ma007 + ma010,3540.0,3542.5,,
1171,11286125,Merge: Merge: ma016 + ma018 + Merge: Merge: ma013 + ma014 + Merge: ma017 + Merge: ma015 + Merge: ma011 + ma012,3540.0,3542.5,,
1172,11286126,ma049,3485.5,3489.0,,
1173,11286126,ma050,3490.0,3492.5,,
1174,11286126,ma051,3540.0,3542.5,,
1175,11286126,ma048,3485.5,3489.0,,
1176,11286128,Merge: ma025 + ma026,3475.0,3477.5,,
1177,11286128,ma052,3490.0,3492.5,,
1178,11286128,ma049,3489.0,3492.5,,
1179,11286128,ma048,3489.0,3492.5,,
1180,11286128,ma047,3490.0,3492.5,,
1181,11286128,ma045,3490.0,3492.5,,
1182,11286128,ma046,3540.0,3542.5,,
1183,11286129,ma038,3510.0,3575.0,,
1184,11286129,ma037,3510.0,3575.0,,
1185,11286129,ma040,3510.0,3575.0,,
1186,11286129,ma045,3425.0,3490.0,,
1187,11286129,ma046,3475.0,3540.0,,
1188,11286129,ma047,3425.0,3490.0,,
1189,11286129,ma048,3425.0,3485.5,,
1190,11286129,ma049,3425.0,3485.5,,
1191,11286129,ma050,3425.0,3490.0,,
1192,11286129,ma052,3425.0,3490.0,,
1193,11286129,Merge: ma017 + Merge: ma015 + Merge: ma013 + Merge: ma012 + ma014,3475.0,3540.0,,
1194,11286129,Merge: ma028 + ma031,3475.0,3571.5,,
1195,11286129,Merge: ma041 + ma053,3442.5,3475.0,,
1196,11286129,Merge: ma041 + ma053,3542.5,3575.0,,
1197,11286129,Merge: Merge: ma006 + ma009 + Merge: ma051 + Merge: ma007 + ma010,3475.0,3540.0,,
1198,11286129,ma039,3510.0,3575.0,,
1199,11286129,ma003,3475.0,3539.0,,
1200,11286129,ma004,3475.0,3539.0,,
1201,11286129,ma016,3475.0,3540.0,,
1202,11286129,ma021,3475.0,3575.0,,
1203,11286129,ma033,3475.0,3571.5,,
1204,11286129,ma032,3475.0,3571.5,,
1205,11286129,ma024,3475.0,3575.0,,
1206,11286129,ma023,3475.0,3575.0,,
1207,11286129,ma022,3475.0,3575.0,,
1208,11286131,Merge: Merge: ma036 + Merge: ma023 + ma039 + Merge: Merge: ma022 + ma046 + Merge: ma024 + Merge: ma020 + ma021,3400.0,3475.0,,
1209,11286131,Merge: Merge: ma034 + Merge: ma016 + ma018 + Merge: Merge: ma033 + Merge: ma030 + ma031 + Merge: ma035 + Merge: ma032 + Merge: ma017 + Merge: ma015 + Merge: ma014 + ma040,3400.0,3475.0,,
1210,11286131,Merge: Merge: ma010 + ma038 + Merge: ma051 + Merge: ma008 + ma009,3400.0,3475.0,,
1211,11286131,Merge: Merge: ma002 + ma003 + Merge: ma004 + ma037,3400.0,3475.0,,
1212,11286131,Merge: ma044 + Merge: ma026 + ma043,3400.0,3475.0,,
1213,11289345,ma082,25700.0,26700.0,,
1214,11289345,ma083,25700.0,26700.0,,
1215,11289345,ma084,25700.0,26700.0,,
1216,11289345,ma085,25700.0,26700.0,,
1217,11289345,ma086,25700.0,26700.0,,
1218,11289345,ma087,25700.0,26700.0,,
1219,11289345,ma088,25700.0,26700.0,,
1220,11289345,ma089,25700.0,26700.0,,
1221,11289345,ma090,25700.0,26700.0,,
1222,11289345,ma091,25700.0,26700.0,,
1223,11289345,ma092,25700.0,26700.0,,
1224,11289345,ma093,25700.0,26700.0,,
1225,11289345,ma094,25700.0,26700.0,,
1226,11289345,ma095,25700.0,26700.0,,
1227,11289345,ma096,25700.0,26700.0,,
1228,11289345,ma097,25700.0,26700.0,,
1229,11289345,ma098,25700.0,26700.0,,
1230,11289345,ma099,25700.0,26700.0,,
1231,11289345,Merge: ma048 + ma049,25700.0,26700.0,,
1232,11289345,ma016,25700.0,26700.0,,
1233,11289345,ma017,25700.0,26700.0,,
1234,11289345,ma018,25700.0,26700.0,,
1235,11289345,ma019,25700.0,26700.0,,
1236,11289345,ma020,25700.0,26700.0,,
1237,11289345,ma021,25700.0,26700.0,,
1238,11289345,ma022,25100.0,26100.0,,
1239,11289345,ma023,25700.0,26700.0,,
1240,11289345,ma024,25700.0,26700.0,,
1241,11289345,ma025,25700.0,26700.0,,
1242,11289345,ma026,25700.0,26700.0,,
1243,11289345,ma027,25700.0,26700.0,,
1244,11289345,ma028,25700.0,26700.0,,
1245,11289345,ma029,25700.0,26700.0,,
1246,11289345,ma030,25700.0,26700.0,,
1247,11289345,ma031,25700.0,26700.0,,
1248,11289345,ma032,25700.0,26700.0,,
1249,11289345,ma033,25700.0,26700.0,,
1250,11289345,ma034,25700.0,26700.0,,
1251,11289345,ma035,25700.0,26700.0,,
1252,11289345,ma036,25700.0,26700.0,,
1253,11289345,ma037,25700.0,26700.0,,
1254,11289345,ma038,25700.0,26700.0,,
1255,11289345,ma039,25700.0,26700.0,,
1256,11289345,ma040,25700.0,26700.0,,
1257,11289345,ma041,25700.0,26700.0,,
1258,11289345,ma042,25700.0,26700.0,,
1259,11289345,ma043,25700.0,26700.0,,
1260,11289345,ma044,25700.0,26700.0,,
1261,11289345,ma045,25700.0,26700.0,,
1262,11289345,ma046,25700.0,26700.0,,
1263,11289345,ma047,25700.0,26700.0,,
1264,11289345,ma050,25700.0,26700.0,,
1265,11289345,ma051,25700.0,26700.0,,
1266,11289345,ma052,25700.0,26700.0,,
1267,11289345,ma053,25700.0,26700.0,,
1268,11289345,ma054,25700.0,26700.0,,
1269,11289345,ma055,25700.0,26700.0,,
1270,11289345,ma056,25700.0,26700.0,,
1271,11289345,ma057,25700.0,26700.0,,
1272,11289345,ma058,25700.0,26700.0,,
1273,11289345,ma059,25700.0,26700.0,,
1274,11289345,ma060,25700.0,26700.0,,
1275,11289345,ma061,25700.0,26700.0,,
1276,11289345,ma062,25700.0,26700.0,,
1277,11289345,ma063,25700.0,26700.0,,
1278,11289345,ma064,25700.0,26700.0,,
1279,11289345,ma065,25700.0,26700.0,,
1280,11289345,ma066,25700.0,26700.0,,
1281,11289345,ma067,25700.0,26700.0,,
1282,11289345,ma068,25700.0,26700.0,,
1283,11289345,ma069,25700.0,26700.0,,
1284,11289345,ma070,25700.0,26700.0,,
1285,11289345,ma071,25700.0,26700.0,,
1286,11289345,ma072,25700.0,26700.0,,
1287,11289345,ma073,25700.0,26700.0,,
1288,11289345,ma074,25700.0,26700.0,,
1289,11289345,ma075,25700.0,26700.0,,
1290,11289345,ma076,25700.0,26700.0,,
1291,11289345,ma077,25700.0,26700.0,,
1292,11289345,ma078,25700.0,26700.0,,
1293,11289345,ma079,25700.0,26700.0,,
1294,11289345,ma080,25700.0,26700.0,,
1295,11289345,ma081,25700.0,26700.0,,
1296,11289345,ma001,25100.0,26100.0,,
1297,11289345,ma002,25100.0,26100.0,,
1298,11289345,ma003,25700.0,26700.0,,
1299,11289345,ma004,25100.0,26100.0,,
1300,11289345,ma005,25100.0,26100.0,,
1301,11289345,ma006,25700.0,26700.0,,
1302,11289345,ma007,25700.0,26700.0,,
1303,11289345,ma008,25700.0,26700.0,,
1304,11289345,ma009,25700.0,26700.0,,
1305,11289345,ma010,25100.0,26100.0,,
1306,11289345,ma011,25700.0,26700.0,,
1307,11289345,ma012,25700.0,26700.0,,
1308,11289345,ma013,25700.0,26700.0,,
1309,11289345,ma014,25700.0,26700.0,,
1310,11289345,ma015,25700.0,26700.0,,
1311,11290216,ma006,26700.0,27500.0,,
1312,11290216,ma005,26700.0,27500.0,,
1313,11290216,Merge: ma012 + ma013,26700.0,27500.0,,
1314,11290216,ma015,25100.0,25700.0,,
1315,11290216,ma014,26700.0,27500.0,,
1316,11290216,ma011,26100.0,26900.0,,
1317,11290216,ma004,26100.0,26900.0,,
1318,11290216,ma009,26700.0,27500.0,,
1319,11290216,ma008,26700.0,27500.0,,
1320,11290216,ma007,26700.0,27500.0,,
1321,11290216,ma001,26100.0,26900.0,,
1322,11290216,ma002,26100.0,26900.0,,
1323,11290216,ma003,26700.0,27500.0,,
1324,11290216,ma010,26700.0,27500.0,,
1325,11290241,ma004,26900.0,27100.0,,
1326,11290241,ma002,25100.0,25300.0,,
1327,11290241,ma001,25100.0,25300.0,,
1328,11290241,ma003,25100.0,25300.0,,
1329,11290655,ma008,25100.0,25500.0,,
1330,11290655,ma009,25100.0,25500.0,,
1331,11290655,ma010,25100.0,25500.0,,
1332,11290655,ma011,25300.0,25700.0,,
1333,11290655,ma012,25300.0,25700.0,,
1334,11290655,ma006,25100.0,25500.0,,
1335,11290655,ma007,25100.0,25500.0,,
1336,11290655,ma001,25100.0,25500.0,,
1337,11290655,ma005,25100.0,25500.0,,
1338,11290655,ma004,25100.0,25500.0,,
1339,11290655,ma003,25100.0,25500.0,,
1340,11290655,ma002,25100.0,25500.0,,
1341,11293381,Area 0001,27500.0,30000.0,,
1342,11293382,Area 0001,27500.0,30000.0,,
1343,11306567,Area 0001,27500.0,30000.0,,
1344,11312472,Sydney/Bathurst,25500.0,25700.0,,
1345,11312472,Melbourne/Ballarat,25500.0,25700.0,,
1346,11314962,Area 0001,27500.0,30000.0,,
1347,11314963,Area 0001,27500.0,30000.0,,
1348,11317147,Area 0001,28900.0,29100.0,,
1349,11333393,Area 0001,27500.0,30000.0,,
1350,11345733,Area 1,2500.0,2510.0,2620.0,2630.0
1351,11345734,Area 1,2500.0,2510.0,2620.0,2630.0
1352,11376005,Area 0001,27500.0,30000.0,,
1353,11376006,Area 0001,27500.0,30000.0,,
1354,11376994,ma007,27700.0,27900.0,,
1355,11376994,ma006,27500.0,27700.0,,
1356,11376994,ma005,27500.0,27700.0,,
1357,11376994,ma004,27500.0,27900.0,,
1358,11376994,ma003,27500.0,27900.0,,
1359,11376994,ma001,27700.0,27900.0,,
1360,11376994,ma002,27500.0,27700.0,,
1361,11474614,Area 0002,27500.0,30000.0,,
1362,11474614,Area 0001,27500.0,30000.0,,
1363,9263429,Sydney,825.0,835.0,870.0,880.0
1364,9263429,Adelaide,825.0,835.0,870.0,880.0
1365,9263429,Brisbane,825.0,835.0,870.0,880.0
1366,9263429,Melbourne,825.0,835.0,870.0,880.0
1367,9263429,Perth,825.0,835.0,870.0,880.0
1368,9263429,Reg_Remote_Aus,825.0,830.0,870.0,875.0
1369,9263433,Sydney,835.0,845.0,880.0,890.0
1370,9263433,Reg_Remote_Aus,830.0,845.0,875.0,890.0
1371,9263433,Perth,835.0,845.0,880.0,890.0
1372,9263433,Melbourne,835.0,845.0,880.0,890.0
1373,9263433,Brisbane,835.0,845.0,880.0,890.0
1374,9263433,Adelaide,835.0,845.0,880.0,890.0
1375,9263448,Sydney,1755.0,1770.0,1850.0,1865.0
1376,9263448,Perth,1755.0,1770.0,1850.0,1865.0
1377,9263448,Melbourne,1755.0,1770.0,1850.0,1865.0
1378,9263448,Adelaide,1755.0,1770.0,1850.0,1865.0
1379,9263448,Brisbane,1755.0,1770.0,1850.0,1865.0
1380,9263452,Melbourne,1725.0,1737.5,1820.0,1832.5
1381,9263452,Adelaide,1730.0,1740.0,1825.0,1835.0
1382,9263452,Brisbane,1730.0,1740.0,1825.0,1835.0
1383,9263452,Perth,1730.0,1740.0,1825.0,1835.0
1384,9263452,Sydney,1725.0,1740.0,1820.0,1835.0
1385,9263452,Darwin,1745.0,1750.0,1840.0,1845.0
1386,9263452,Canberra,1730.0,1735.0,1825.0,1830.0
1387,9263452,Tasmania,1745.0,1750.0,1840.0,1845.0
1388,9263460,Brisbane,1770.0,1775.0,1865.0,1870.0
1389,9263461,Perth,1770.0,1775.0,1865.0,1870.0
1390,9367136,Brisbane,1740.0,1745.0,1835.0,1840.0
1391,9367136,Perth,1740.0,1745.0,1835.0,1840.0
1392,9367136,Adelaide,1740.0,1745.0,1835.0,1840.0
1393,9367136,Melbourne,1737.5,1740.0,1832.5,1835.0
1394,9367781,Perth,1775.0,1785.0,1870.0,1880.0
1395,9367783,Brisbane,1775.0,1785.0,1870.0,1880.0
1396,9369568,Area 2,2302.0,2400.0,,
1397,9369568,Area 3,2302.0,2365.0,,
1398,9369568,Area 4,2302.0,2365.0,,
1399,9369568,Area 5,2302.0,2365.0,,
1400,9369568,Area 1,2302.0,2400.0,,
1401,9369568,Area 6,2337.0,2365.0,,
1402,9369568,Area 7,2337.0,2365.0,,
1403,9445340,National,2570.0,2585.0,,
1404,9445341,National,2585.0,2595.0,,
1405,9445342,National,2595.0,2605.0,,
1406,9445343,National,2605.0,2620.0,,
1407,9448618,Merge: 2.3 GHz Band Adelaide + 2.3 GHz Band,2386.0,2400.0,,
1408,9448619,2.3 GHz Band,2302.0,2386.0,,
1409,9448619,2.3 GHz Band,2302.0,2400.0,,
1410,9448619,2.3 GHz Band,2330.0,2400.0,,
1411,9448619,Merge: 2.3 GHz Band + Merge: 2.3 GHz Band + 2.3 GHz Band,2309.0,2400.0,,
1412,9448619,Merge: 2.3 GHz Band + Merge: 2.3 GHz Band + 2.3 GHz Band,2302.0,2393.0,,
1413,9448619,Merge: 2.3 GHz Band + 2.3 GHz Band,2302.0,2393.0,,
1414,9448619,Merge: 2.3 GHz Band + 2.3 GHz Band,2302.0,2400.0,,
1415,9448620,2.3 GHz Band Perth,2386.0,2400.0,,
1416,9448621,Merge: 2.3 GHz Band + 2.3 GHz Band,2302.0,2309.0,,
1417,9460456,Adelaide,1775.0,1785.0,1870.0,1880.0
1418,9460463,Sydney,1770.0,1775.0,1865.0,1870.0
1419,9460464,Sydney,1775.0,1785.0,1870.0,1880.0
1420,9460484,Melbourne,1770.0,1775.0,1865.0,1870.0
1421,9460485,Melbourne,1775.0,1785.0,1870.0,1880.0
1422,9460720,2.3 GHz Band,2302.0,2393.0,,
1423,9460720,2.3 GHz Band,2330.0,2400.0,,
1424,9460720,2.3 GHz Band,2309.0,2400.0,,
1425,9460720,2.3 GHz Band,2302.0,2386.0,,
1426,9460721,2.3 GHz Band,2302.0,2386.0,,
1427,9460722,2.3 GHz Band,2302.0,2393.0,,
1428,9469858,Area 1,703.0,713.0,758.0,768.0
1429,9469862,Area 1,713.0,733.0,768.0,788.0
1430,9469864,Area 1,2550.0,2570.0,2670.0,2690.0
1431,9469870,Area 1,2550.0,2570.0,2670.0,2690.0
1432,9469871,Area 1,2510.0,2550.0,2630.0,2670.0
1433,9469878,Area 1,2510.0,2550.0,2630.0,2670.0
1434,9599659,2.3 GHz Band,2365.0,2400.0,,
1435,9599659,2.3 GHz Band,2302.0,2337.0,,
1436,9599659,2.3 GHz Band,2365.0,2400.0,,
1437,9599659,2.3 GHz Band,2302.0,2337.0,,
1438,9599659,2.3 GHz Band,2365.0,2400.0,,
1439,9599659,2.3 GHz Band,2365.0,2400.0,,
1440,9599659,2.3 GHz Band,2302.0,2337.0,,
1441,9619844,Sydney,1740.0,1755.0,1835.0,1850.0
1442,9619844,Merge: Brisbane + Merge: Adelaide + Perth,1745.0,1755.0,1840.0,1850.0
1443,9619844,Melbourne,1740.0,1755.0,1835.0,1850.0
1444,9998087,North Queensland (Cairns/Townsville),1710.0,1712.5,1805.0,1807.5
